Features,Model,Accuracy_mean,Accuracy_std,F1_mean,F1_std
TFIDF(1–2) + lex,LinearSVM,0.9800000000000001,0.011180339887498959,0.9556881576018208,0.03219826993246655
TFIDF(1–3) + lex,LinearSVM,0.9800000000000001,0.011180339887498959,0.9556881576018208,0.03219826993246655
TFIDF(1–2) + lex,LogReg,0.975,0.017677669529663705,0.9509391810881385,0.029823679075897343
TFIDF(1–3) + lex,LogReg,0.975,0.017677669529663705,0.9509391810881385,0.029823679075897343
