{
  "err_min": 0.0038010955377382367,
  "err_max": 0.03171474359346948,
  "err_p80": 0.014612673408169737,
  "err_p95": 0.01807969651584836
}