{
  "err_min": 0.1924945490503405,
  "err_max": 0.5221680180783429,
  "err_p80": 0.4173223770919015,
  "err_p95": 0.4675609088112864
}